{
  "macro_average": {
    "1": 1.0,
    "3": 0.9333333333333332,
    "5": 1.0,
    "6": 1.0,
    "10": 0.9894736842105264,
    "15": 0.9111111111111111,
    "20": 1.0,
    "28": 0.9375000000000001,
    "36": 0.9027777777777778,
    "45": 0.9555555555555556,
    "50": 0.9966666666666667,
    "55": 0.9272727272727272,
    "66": 0.9545454545454546,
    "78": 0.9294871794871795,
    "120": 0.9166666666666667
  },
  "weighted_average": {
    "1": 1.0,
    "3": 0.9444444444444444,
    "5": 1.0,
    "6": 1.0,
    "10": 0.997563946406821,
    "15": 0.9111111111111111,
    "20": 1.0,
    "28": 0.9375,
    "36": 0.9027777777777778,
    "45": 0.9555555555555556,
    "50": 0.9978723404255319,
    "55": 0.9272727272727272,
    "66": 0.9545454545454546,
    "78": 0.9294871794871795,
    "120": 0.9166666666666666
  },
  "timestamp": "2026-01-15T13:59:08.169644"
}